{"loss": [1.3379746675491333, 0.41988638043403625, 0.2524995803833008, 0.17754055559635162, 0.12850508093833923, 0.10289543122053146, 0.08626145124435425, 0.07152359932661057, 0.06241005286574364, 0.05630079656839371], "accuracy": [0.6062024235725403, 0.8670175671577454, 0.9180169105529785, 0.9422860741615295, 0.9570950865745544, 0.9661142230033875, 0.9719183444976807, 0.9772672057151794, 0.9797282814979553, 0.9819332957267761], "val_loss": [0.5275278091430664, 0.27498918771743774, 0.21107345819473267, 0.1418324112892151, 0.17696724832057953, 0.14397771656513214, 0.18762820959091187, 0.11088210344314575, 0.09490951150655746, 0.12911823391914368], "val_accuracy": [0.8334282040596008, 0.9120191335678101, 0.9316526055335999, 0.954245388507843, 0.9445708990097046, 0.954643726348877, 0.9435465335845947, 0.9647166132926941, 0.9703505635261536, 0.963350772857666]}